,Area,Element,Item,Year,Unit,Value,min_temp,median_temp,max_temp,min_precip,med_precip,max_precip,min_soil_tmp,med_soil_tmp,max_soil_tmp,min_soil_moist,med_soil_moist,max_soil_moist,,
0,China,Yield,"Almonds, in shell",2019,100 g/ha,34702,30.51220238,60.10029762,80.33577381,0.000114286,0.001496577,0.012751488,32.07877976,61.9865625,81.09592262,0.178290476,0.260687054,0.343532143,,
1,China,Yield,"Anise, badian, coriander, cumin, caraway, fennel and juniper berries, raw",2019,100 g/ha,12542,30.51220238,60.10029762,80.33577381,0.000114286,0.001496577,0.012751488,32.07877976,61.9865625,81.09592262,0.178290476,0.260687054,0.343532143,,
2,China,Yield,Apples,2019,100 g/ha,207832,30.51220238,60.10029762,80.33577381,0.000114286,0.001496577,0.012751488,32.07877976,61.9865625,81.09592262,0.178290476,0.260687054,0.343532143,,
3,China,Yield,Apricots,2019,100 g/ha,28878,30.51220238,60.10029762,80.33577381,0.000114286,0.001496577,0.012751488,32.07877976,61.9865625,81.09592262,0.178290476,0.260687054,0.343532143,,
4,China,Yield,Areca nuts,2019,100 g/ha,25359,30.51220238,60.10029762,80.33577381,0.000114286,0.001496577,0.012751488,32.07877976,61.9865625,81.09592262,0.178290476,0.260687054,0.343532143,,
5,China,Yield,Artichokes,2019,100 g/ha,67005,30.51220238,60.10029762,80.33577381,0.000114286,0.001496577,0.012751488,32.07877976,61.9865625,81.09592262,0.178290476,0.260687054,0.343532143,,
6,China,Yield,Asparagus,2019,100 g/ha,51358,30.51220238,60.10029762,80.33577381,0.000114286,0.001496577,0.012751488,32.07877976,61.9865625,81.09592262,0.178290476,0.260687054,0.343532143,,
7,China,Yield,Avocados,2019,100 g/ha,104123,30.51220238,60.10029762,80.33577381,0.000114286,0.001496577,0.012751488,32.07877976,61.9865625,81.09592262,0.178290476,0.260687054,0.343532143,,
8,China,Yield,Bananas,2019,100 g/ha,334395,30.51220238,60.10029762,80.33577381,0.000114286,0.001496577,0.012751488,32.07877976,61.9865625,81.09592262,0.178290476,0.260687054,0.343532143,,
9,China,Yield,Barley,2019,100 g/ha,39354,30.51220238,60.10029762,80.33577381,0.000114286,0.001496577,0.012751488,32.07877976,61.9865625,81.09592262,0.178290476,0.260687054,0.343532143,,
10,China,Yield,"Beans, dry",2019,100 g/ha,17398,30.51220238,60.10029762,80.33577381,0.000114286,0.001496577,0.012751488,32.07877976,61.9865625,81.09592262,0.178290476,0.260687054,0.343532143,,
11,China,Yield,"Broad beans and horse beans, dry",2019,100 g/ha,20732,30.51220238,60.10029762,80.33577381,0.000114286,0.001496577,0.012751488,32.07877976,61.9865625,81.09592262,0.178290476,0.260687054,0.343532143,,
12,China,Yield,"Broad beans and horse beans, green",2019,100 g/ha,134960,30.51220238,60.10029762,80.33577381,0.000114286,0.001496577,0.012751488,32.07877976,61.9865625,81.09592262,0.178290476,0.260687054,0.343532143,,
13,China,Yield,Buckwheat,2019,100 g/ha,8135,30.51220238,60.10029762,80.33577381,0.000114286,0.001496577,0.012751488,32.07877976,61.9865625,81.09592262,0.178290476,0.260687054,0.343532143,,
14,China,Yield,Cabbages,2019,100 g/ha,348704,30.51220238,60.10029762,80.33577381,0.000114286,0.001496577,0.012751488,32.07877976,61.9865625,81.09592262,0.178290476,0.260687054,0.343532143,,
15,China,Yield,Cantaloupes and other melons,2019,100 g/ha,350678,30.51220238,60.10029762,80.33577381,0.000114286,0.001496577,0.012751488,32.07877976,61.9865625,81.09592262,0.178290476,0.260687054,0.343532143,,
16,China,Yield,Carrots and turnips,2019,100 g/ha,451886,30.51220238,60.10029762,80.33577381,0.000114286,0.001496577,0.012751488,32.07877976,61.9865625,81.09592262,0.178290476,0.260687054,0.343532143,,
17,China,Yield,"Cashew nuts, in shell",2019,100 g/ha,11498,30.51220238,60.10029762,80.33577381,0.000114286,0.001496577,0.012751488,32.07877976,61.9865625,81.09592262,0.178290476,0.260687054,0.343532143,,
18,China,Yield,"Cassava, fresh",2019,100 g/ha,161980,30.51220238,60.10029762,80.33577381,0.000114286,0.001496577,0.012751488,32.07877976,61.9865625,81.09592262,0.178290476,0.260687054,0.343532143,,
19,China,Yield,Castor oil seeds,2019,100 g/ha,17143,30.51220238,60.10029762,80.33577381,0.000114286,0.001496577,0.012751488,32.07877976,61.9865625,81.09592262,0.178290476,0.260687054,0.343532143,,
20,China,Yield,Cauliflowers and broccoli,2019,100 g/ha,198735,30.51220238,60.10029762,80.33577381,0.000114286,0.001496577,0.012751488,32.07877976,61.9865625,81.09592262,0.178290476,0.260687054,0.343532143,,
21,China,Yield,Cereals n.e.c.,2019,100 g/ha,23996,30.51220238,60.10029762,80.33577381,0.000114286,0.001496577,0.012751488,32.07877976,61.9865625,81.09592262,0.178290476,0.260687054,0.343532143,,
22,China,Yield,Cherries,2019,100 g/ha,41759,30.51220238,60.10029762,80.33577381,0.000114286,0.001496577,0.012751488,32.07877976,61.9865625,81.09592262,0.178290476,0.260687054,0.343532143,,
23,China,Yield,"Chestnuts, in shell",2019,100 g/ha,57263,30.51220238,60.10029762,80.33577381,0.000114286,0.001496577,0.012751488,32.07877976,61.9865625,81.09592262,0.178290476,0.260687054,0.343532143,,
24,China,Yield,"Chick peas, dry",2019,100 g/ha,52289,30.51220238,60.10029762,80.33577381,0.000114286,0.001496577,0.012751488,32.07877976,61.9865625,81.09592262,0.178290476,0.260687054,0.343532143,,
25,China,Yield,"Chillies and peppers, dry (Capsicum spp., Pimenta spp.), raw",2019,100 g/ha,66148,30.51220238,60.10029762,80.33577381,0.000114286,0.001496577,0.012751488,32.07877976,61.9865625,81.09592262,0.178290476,0.260687054,0.343532143,,
26,China,Yield,"Chillies and peppers, green (Capsicum spp. and Pimenta spp.)",2019,100 g/ha,223629,30.51220238,60.10029762,80.33577381,0.000114286,0.001496577,0.012751488,32.07877976,61.9865625,81.09592262,0.178290476,0.260687054,0.343532143,,
27,China,Yield,"Cinnamon and cinnamon-tree flowers, raw",2019,100 g/ha,19202,30.51220238,60.10029762,80.33577381,0.000114286,0.001496577,0.012751488,32.07877976,61.9865625,81.09592262,0.178290476,0.260687054,0.343532143,,
28,China,Yield,"Cloves (whole stems), raw",2019,100 g/ha,12268,30.51220238,60.10029762,80.33577381,0.000114286,0.001496577,0.012751488,32.07877976,61.9865625,81.09592262,0.178290476,0.260687054,0.343532143,,
29,China,Yield,"Coconuts, in shell",2019,100 g/ha,107616,30.51220238,60.10029762,80.33577381,0.000114286,0.001496577,0.012751488,32.07877976,61.9865625,81.09592262,0.178290476,0.260687054,0.343532143,,
30,China,Yield,"Coffee, green",2019,100 g/ha,30198,30.51220238,60.10029762,80.33577381,0.000114286,0.001496577,0.012751488,32.07877976,61.9865625,81.09592262,0.178290476,0.260687054,0.343532143,,
31,China,Yield,"Cow peas, dry",2019,100 g/ha,10092,30.51220238,60.10029762,80.33577381,0.000114286,0.001496577,0.012751488,32.07877976,61.9865625,81.09592262,0.178290476,0.260687054,0.343532143,,
32,China,Yield,Cucumbers and gherkins,2019,100 g/ha,558491,30.51220238,60.10029762,80.33577381,0.000114286,0.001496577,0.012751488,32.07877976,61.9865625,81.09592262,0.178290476,0.260687054,0.343532143,,
33,China,Yield,Dates,2019,100 g/ha,128561,30.51220238,60.10029762,80.33577381,0.000114286,0.001496577,0.012751488,32.07877976,61.9865625,81.09592262,0.178290476,0.260687054,0.343532143,,
34,China,Yield,"Edible roots and tubers with high starch or inulin content, n.e.c., fresh",2019,100 g/ha,148759,30.51220238,60.10029762,80.33577381,0.000114286,0.001496577,0.012751488,32.07877976,61.9865625,81.09592262,0.178290476,0.260687054,0.343532143,,
35,China,Yield,Eggplants (aubergines),2019,100 g/ha,454237,30.51220238,60.10029762,80.33577381,0.000114286,0.001496577,0.012751488,32.07877976,61.9865625,81.09592262,0.178290476,0.260687054,0.343532143,,
36,China,Yield,Figs,2019,100 g/ha,53766,30.51220238,60.10029762,80.33577381,0.000114286,0.001496577,0.012751488,32.07877976,61.9865625,81.09592262,0.178290476,0.260687054,0.343532143,,
37,China,Yield,"Flax, processed but not spun",2019,100 g/ha,36168,30.51220238,60.10029762,80.33577381,0.000114286,0.001496577,0.012751488,32.07877976,61.9865625,81.09592262,0.178290476,0.260687054,0.343532143,,
38,China,Yield,"Ginger, raw",2019,100 g/ha,107724,30.51220238,60.10029762,80.33577381,0.000114286,0.001496577,0.012751488,32.07877976,61.9865625,81.09592262,0.178290476,0.260687054,0.343532143,,
39,China,Yield,Grapes,2019,100 g/ha,191499,30.51220238,60.10029762,80.33577381,0.000114286,0.001496577,0.012751488,32.07877976,61.9865625,81.09592262,0.178290476,0.260687054,0.343532143,,
40,China,Yield,Green corn (maize),2019,100 g/ha,94294,30.51220238,60.10029762,80.33577381,0.000114286,0.001496577,0.012751488,32.07877976,61.9865625,81.09592262,0.178290476,0.260687054,0.343532143,,
41,China,Yield,Green garlic,2019,100 g/ha,247347,30.51220238,60.10029762,80.33577381,0.000114286,0.001496577,0.012751488,32.07877976,61.9865625,81.09592262,0.178290476,0.260687054,0.343532143,,
42,China,Yield,"Groundnuts, excluding shelled",2019,100 g/ha,37771,30.51220238,60.10029762,80.33577381,0.000114286,0.001496577,0.012751488,32.07877976,61.9865625,81.09592262,0.178290476,0.260687054,0.343532143,,
43,China,Yield,"Hazelnuts, in shell",2019,100 g/ha,19408,30.51220238,60.10029762,80.33577381,0.000114286,0.001496577,0.012751488,32.07877976,61.9865625,81.09592262,0.178290476,0.260687054,0.343532143,,
44,China,Yield,Hop cones,2019,100 g/ha,29083,30.51220238,60.10029762,80.33577381,0.000114286,0.001496577,0.012751488,32.07877976,61.9865625,81.09592262,0.178290476,0.260687054,0.343532143,,
45,China,Yield,"Jute, raw or retted",2019,100 g/ha,37750,30.51220238,60.10029762,80.33577381,0.000114286,0.001496577,0.012751488,32.07877976,61.9865625,81.09592262,0.178290476,0.260687054,0.343532143,,
46,China,Yield,"Kenaf, and other textile bast fibres, raw or retted",2019,100 g/ha,61352,30.51220238,60.10029762,80.33577381,0.000114286,0.001496577,0.012751488,32.07877976,61.9865625,81.09592262,0.178290476,0.260687054,0.343532143,,
47,China,Yield,Kiwi fruit,2019,100 g/ha,120325,30.51220238,60.10029762,80.33577381,0.000114286,0.001496577,0.012751488,32.07877976,61.9865625,81.09592262,0.178290476,0.260687054,0.343532143,,
48,China,Yield,Leeks and other alliaceous vegetables,2019,100 g/ha,249869,30.51220238,60.10029762,80.33577381,0.000114286,0.001496577,0.012751488,32.07877976,61.9865625,81.09592262,0.178290476,0.260687054,0.343532143,,
49,China,Yield,Lemons and limes,2019,100 g/ha,216608,30.51220238,60.10029762,80.33577381,0.000114286,0.001496577,0.012751488,32.07877976,61.9865625,81.09592262,0.178290476,0.260687054,0.343532143,,
50,China,Yield,"Lentils, dry",2019,100 g/ha,24897,30.51220238,60.10029762,80.33577381,0.000114286,0.001496577,0.012751488,32.07877976,61.9865625,81.09592262,0.178290476,0.260687054,0.343532143,,
51,China,Yield,Lettuce and chicory,2019,100 g/ha,236244,30.51220238,60.10029762,80.33577381,0.000114286,0.001496577,0.012751488,32.07877976,61.9865625,81.09592262,0.178290476,0.260687054,0.343532143,,
52,China,Yield,Linseed,2019,100 g/ha,13077,30.51220238,60.10029762,80.33577381,0.000114286,0.001496577,0.012751488,32.07877976,61.9865625,81.09592262,0.178290476,0.260687054,0.343532143,,
53,China,Yield,Maize (corn),2019,100 g/ha,63171,30.51220238,60.10029762,80.33577381,0.000114286,0.001496577,0.012751488,32.07877976,61.9865625,81.09592262,0.178290476,0.260687054,0.343532143,,
54,China,Yield,"Mangoes, guavas and mangosteens",2019,100 g/ha,97005,30.51220238,60.10029762,80.33577381,0.000114286,0.001496577,0.012751488,32.07877976,61.9865625,81.09592262,0.178290476,0.260687054,0.343532143,,
55,China,Yield,Melonseed,2019,100 g/ha,14907,30.51220238,60.10029762,80.33577381,0.000114286,0.001496577,0.012751488,32.07877976,61.9865625,81.09592262,0.178290476,0.260687054,0.343532143,,
56,China,Yield,Millet,2019,100 g/ha,25552,30.51220238,60.10029762,80.33577381,0.000114286,0.001496577,0.012751488,32.07877976,61.9865625,81.09592262,0.178290476,0.260687054,0.343532143,,
57,China,Yield,Mustard seed,2019,100 g/ha,7861,30.51220238,60.10029762,80.33577381,0.000114286,0.001496577,0.012751488,32.07877976,61.9865625,81.09592262,0.178290476,0.260687054,0.343532143,,
58,China,Yield,Natural rubber in primary forms,2019,100 g/ha,11878,30.51220238,60.10029762,80.33577381,0.000114286,0.001496577,0.012751488,32.07877976,61.9865625,81.09592262,0.178290476,0.260687054,0.343532143,,
59,China,Yield,Oats,2019,100 g/ha,35526,30.51220238,60.10029762,80.33577381,0.000114286,0.001496577,0.012751488,32.07877976,61.9865625,81.09592262,0.178290476,0.260687054,0.343532143,,
60,China,Yield,Oil palm fruit,2019,100 g/ha,132510,30.51220238,60.10029762,80.33577381,0.000114286,0.001496577,0.012751488,32.07877976,61.9865625,81.09592262,0.178290476,0.260687054,0.343532143,,
61,China,Yield,Olives,2019,100 g/ha,83114,30.51220238,60.10029762,80.33577381,0.000114286,0.001496577,0.012751488,32.07877976,61.9865625,81.09592262,0.178290476,0.260687054,0.343532143,,
62,China,Yield,"Onions and shallots, dry (excluding dehydrated)",2019,100 g/ha,219797,30.51220238,60.10029762,80.33577381,0.000114286,0.001496577,0.012751488,32.07877976,61.9865625,81.09592262,0.178290476,0.260687054,0.343532143,,
63,China,Yield,"Onions and shallots, green",2019,100 g/ha,361551,30.51220238,60.10029762,80.33577381,0.000114286,0.001496577,0.012751488,32.07877976,61.9865625,81.09592262,0.178290476,0.260687054,0.343532143,,
64,China,Yield,Oranges,2019,100 g/ha,187387,30.51220238,60.10029762,80.33577381,0.000114286,0.001496577,0.012751488,32.07877976,61.9865625,81.09592262,0.178290476,0.260687054,0.343532143,,
65,China,Yield,"Other beans, green",2019,100 g/ha,272704,30.51220238,60.10029762,80.33577381,0.000114286,0.001496577,0.012751488,32.07877976,61.9865625,81.09592262,0.178290476,0.260687054,0.343532143,,
66,China,Yield,Other berries and fruits of the genus vaccinium n.e.c.,2019,100 g/ha,110673,30.51220238,60.10029762,80.33577381,0.000114286,0.001496577,0.012751488,32.07877976,61.9865625,81.09592262,0.178290476,0.260687054,0.343532143,,
67,China,Yield,"Other citrus fruit, n.e.c.",2019,100 g/ha,312722,30.51220238,60.10029762,80.33577381,0.000114286,0.001496577,0.012751488,32.07877976,61.9865625,81.09592262,0.178290476,0.260687054,0.343532143,,
68,China,Yield,"Other fibre crops, raw, n.e.c.",2019,100 g/ha,109030,30.51220238,60.10029762,80.33577381,0.000114286,0.001496577,0.012751488,32.07877976,61.9865625,81.09592262,0.178290476,0.260687054,0.343532143,,
69,China,Yield,"Other fruits, n.e.c.",2019,100 g/ha,34389,30.51220238,60.10029762,80.33577381,0.000114286,0.001496577,0.012751488,32.07877976,61.9865625,81.09592262,0.178290476,0.260687054,0.343532143,,
70,China,Yield,"Other nuts (excluding wild edible nuts and groundnuts), in shell, n.e.c.",2019,100 g/ha,56625,30.51220238,60.10029762,80.33577381,0.000114286,0.001496577,0.012751488,32.07877976,61.9865625,81.09592262,0.178290476,0.260687054,0.343532143,,
71,China,Yield,"Other oil seeds, n.e.c.",2019,100 g/ha,13228,30.51220238,60.10029762,80.33577381,0.000114286,0.001496577,0.012751488,32.07877976,61.9865625,81.09592262,0.178290476,0.260687054,0.343532143,,
72,China,Yield,Other pulses n.e.c.,2019,100 g/ha,25733,30.51220238,60.10029762,80.33577381,0.000114286,0.001496577,0.012751488,32.07877976,61.9865625,81.09592262,0.178290476,0.260687054,0.343532143,,
73,China,Yield,"Other stimulant, spice and aromatic crops, n.e.c.",2019,100 g/ha,32906,30.51220238,60.10029762,80.33577381,0.000114286,0.001496577,0.012751488,32.07877976,61.9865625,81.09592262,0.178290476,0.260687054,0.343532143,,
74,China,Yield,Other stone fruits,2019,100 g/ha,86600,30.51220238,60.10029762,80.33577381,0.000114286,0.001496577,0.012751488,32.07877976,61.9865625,81.09592262,0.178290476,0.260687054,0.343532143,,
75,China,Yield,"Other tropical fruits, n.e.c.",2019,100 g/ha,37447,30.51220238,60.10029762,80.33577381,0.000114286,0.001496577,0.012751488,32.07877976,61.9865625,81.09592262,0.178290476,0.260687054,0.343532143,,
76,China,Yield,"Other vegetables, fresh n.e.c.",2019,100 g/ha,162216,30.51220238,60.10029762,80.33577381,0.000114286,0.001496577,0.012751488,32.07877976,61.9865625,81.09592262,0.178290476,0.260687054,0.343532143,,
77,China,Yield,Papayas,2019,100 g/ha,623924,30.51220238,60.10029762,80.33577381,0.000114286,0.001496577,0.012751488,32.07877976,61.9865625,81.09592262,0.178290476,0.260687054,0.343532143,,
78,China,Yield,Peaches and nectarines,2019,100 g/ha,185263,30.51220238,60.10029762,80.33577381,0.000114286,0.001496577,0.012751488,32.07877976,61.9865625,81.09592262,0.178290476,0.260687054,0.343532143,,
79,China,Yield,Pears,2019,100 g/ha,181041,30.51220238,60.10029762,80.33577381,0.000114286,0.001496577,0.012751488,32.07877976,61.9865625,81.09592262,0.178290476,0.260687054,0.343532143,,
80,China,Yield,"Peas, dry",2019,100 g/ha,15034,30.51220238,60.10029762,80.33577381,0.000114286,0.001496577,0.012751488,32.07877976,61.9865625,81.09592262,0.178290476,0.260687054,0.343532143,,
81,China,Yield,"Peas, green",2019,100 g/ha,80377,30.51220238,60.10029762,80.33577381,0.000114286,0.001496577,0.012751488,32.07877976,61.9865625,81.09592262,0.178290476,0.260687054,0.343532143,,
82,China,Yield,"Pepper (Piper spp.), raw",2019,100 g/ha,18167,30.51220238,60.10029762,80.33577381,0.000114286,0.001496577,0.012751488,32.07877976,61.9865625,81.09592262,0.178290476,0.260687054,0.343532143,,
83,China,Yield,Persimmons,2019,100 g/ha,35527,30.51220238,60.10029762,80.33577381,0.000114286,0.001496577,0.012751488,32.07877976,61.9865625,81.09592262,0.178290476,0.260687054,0.343532143,,
84,China,Yield,Pineapples,2019,100 g/ha,270622,30.51220238,60.10029762,80.33577381,0.000114286,0.001496577,0.012751488,32.07877976,61.9865625,81.09592262,0.178290476,0.260687054,0.343532143,,
85,China,Yield,"Pistachios, in shell",2019,100 g/ha,28479,30.51220238,60.10029762,80.33577381,0.000114286,0.001496577,0.012751488,32.07877976,61.9865625,81.09592262,0.178290476,0.260687054,0.343532143,,
86,China,Yield,Plums and sloes,2019,100 g/ha,34230,30.51220238,60.10029762,80.33577381,0.000114286,0.001496577,0.012751488,32.07877976,61.9865625,81.09592262,0.178290476,0.260687054,0.343532143,,
87,China,Yield,Pomelos and grapefruits,2019,100 g/ha,488218,30.51220238,60.10029762,80.33577381,0.000114286,0.001496577,0.012751488,32.07877976,61.9865625,81.09592262,0.178290476,0.260687054,0.343532143,,
88,China,Yield,Potatoes,2019,100 g/ha,221750,30.51220238,60.10029762,80.33577381,0.000114286,0.001496577,0.012751488,32.07877976,61.9865625,81.09592262,0.178290476,0.260687054,0.343532143,,
89,China,Yield,"Pumpkins, squash and gourds",2019,100 g/ha,185231,30.51220238,60.10029762,80.33577381,0.000114286,0.001496577,0.012751488,32.07877976,61.9865625,81.09592262,0.178290476,0.260687054,0.343532143,,
90,China,Yield,Quinces,2019,100 g/ha,34316,30.51220238,60.10029762,80.33577381,0.000114286,0.001496577,0.012751488,32.07877976,61.9865625,81.09592262,0.178290476,0.260687054,0.343532143,,
91,China,Yield,"Ramie, raw or retted",2019,100 g/ha,18744,30.51220238,60.10029762,80.33577381,0.000114286,0.001496577,0.012751488,32.07877976,61.9865625,81.09592262,0.178290476,0.260687054,0.343532143,,
92,China,Yield,Rape or colza seed,2019,100 g/ha,20484,30.51220238,60.10029762,80.33577381,0.000114286,0.001496577,0.012751488,32.07877976,61.9865625,81.09592262,0.178290476,0.260687054,0.343532143,,
93,China,Yield,Rice,2019,100 g/ha,70562,30.51220238,60.10029762,80.33577381,0.000114286,0.001496577,0.012751488,32.07877976,61.9865625,81.09592262,0.178290476,0.260687054,0.343532143,,
94,China,Yield,Rye,2019,100 g/ha,31407,30.51220238,60.10029762,80.33577381,0.000114286,0.001496577,0.012751488,32.07877976,61.9865625,81.09592262,0.178290476,0.260687054,0.343532143,,
95,China,Yield,Safflower seed,2019,100 g/ha,14699,30.51220238,60.10029762,80.33577381,0.000114286,0.001496577,0.012751488,32.07877976,61.9865625,81.09592262,0.178290476,0.260687054,0.343532143,,
96,China,Yield,"Seed cotton, unginned",2019,100 g/ha,68129,30.51220238,60.10029762,80.33577381,0.000114286,0.001496577,0.012751488,32.07877976,61.9865625,81.09592262,0.178290476,0.260687054,0.343532143,,
97,China,Yield,Sesame seed,2019,100 g/ha,16023,30.51220238,60.10029762,80.33577381,0.000114286,0.001496577,0.012751488,32.07877976,61.9865625,81.09592262,0.178290476,0.260687054,0.343532143,,
98,China,Yield,"Sisal, raw",2019,100 g/ha,52745,30.51220238,60.10029762,80.33577381,0.000114286,0.001496577,0.012751488,32.07877976,61.9865625,81.09592262,0.178290476,0.260687054,0.343532143,,
99,China,Yield,Sorghum,2019,100 g/ha,48884,30.51220238,60.10029762,80.33577381,0.000114286,0.001496577,0.012751488,32.07877976,61.9865625,81.09592262,0.178290476,0.260687054,0.343532143,,
100,China,Yield,Soya beans,2019,100 g/ha,19460,30.51220238,60.10029762,80.33577381,0.000114286,0.001496577,0.012751488,32.07877976,61.9865625,81.09592262,0.178290476,0.260687054,0.343532143,,
101,China,Yield,Spinach,2019,100 g/ha,380578,30.51220238,60.10029762,80.33577381,0.000114286,0.001496577,0.012751488,32.07877976,61.9865625,81.09592262,0.178290476,0.260687054,0.343532143,,
102,China,Yield,Strawberries,2019,100 g/ha,252984,30.51220238,60.10029762,80.33577381,0.000114286,0.001496577,0.012751488,32.07877976,61.9865625,81.09592262,0.178290476,0.260687054,0.343532143,,
103,China,Yield,String beans,2019,100 g/ha,116842,30.51220238,60.10029762,80.33577381,0.000114286,0.001496577,0.012751488,32.07877976,61.9865625,81.09592262,0.178290476,0.260687054,0.343532143,,
104,China,Yield,Sugar beet,2019,100 g/ha,560662,30.51220238,60.10029762,80.33577381,0.000114286,0.001496577,0.012751488,32.07877976,61.9865625,81.09592262,0.178290476,0.260687054,0.343532143,,
105,China,Yield,Sugar cane,2019,100 g/ha,785800,30.51220238,60.10029762,80.33577381,0.000114286,0.001496577,0.012751488,32.07877976,61.9865625,81.09592262,0.178290476,0.260687054,0.343532143,,
106,China,Yield,Sunflower seed,2019,100 g/ha,28471,30.51220238,60.10029762,80.33577381,0.000114286,0.001496577,0.012751488,32.07877976,61.9865625,81.09592262,0.178290476,0.260687054,0.343532143,,
107,China,Yield,Sweet potatoes,2019,100 g/ha,219121,30.51220238,60.10029762,80.33577381,0.000114286,0.001496577,0.012751488,32.07877976,61.9865625,81.09592262,0.178290476,0.260687054,0.343532143,,
108,China,Yield,Tallowtree seeds,2019,100 g/ha,24682,30.51220238,60.10029762,80.33577381,0.000114286,0.001496577,0.012751488,32.07877976,61.9865625,81.09592262,0.178290476,0.260687054,0.343532143,,
109,China,Yield,"Tangerines, mandarins, clementines",2019,100 g/ha,108656,30.51220238,60.10029762,80.33577381,0.000114286,0.001496577,0.012751488,32.07877976,61.9865625,81.09592262,0.178290476,0.260687054,0.343532143,,
110,China,Yield,Taro,2019,100 g/ha,190131,30.51220238,60.10029762,80.33577381,0.000114286,0.001496577,0.012751488,32.07877976,61.9865625,81.09592262,0.178290476,0.260687054,0.343532143,,
111,China,Yield,Tea leaves,2019,100 g/ha,37815,30.51220238,60.10029762,80.33577381,0.000114286,0.001496577,0.012751488,32.07877976,61.9865625,81.09592262,0.178290476,0.260687054,0.343532143,,
112,China,Yield,Tomatoes,2019,100 g/ha,577169,30.51220238,60.10029762,80.33577381,0.000114286,0.001496577,0.012751488,32.07877976,61.9865625,81.09592262,0.178290476,0.260687054,0.343532143,,
113,China,Yield,Triticale,2019,100 g/ha,19577,30.51220238,60.10029762,80.33577381,0.000114286,0.001496577,0.012751488,32.07877976,61.9865625,81.09592262,0.178290476,0.260687054,0.343532143,,
114,China,Yield,"True hemp, raw or retted",2019,100 g/ha,57452,30.51220238,60.10029762,80.33577381,0.000114286,0.001496577,0.012751488,32.07877976,61.9865625,81.09592262,0.178290476,0.260687054,0.343532143,,
115,China,Yield,Tung nuts,2019,100 g/ha,26511,30.51220238,60.10029762,80.33577381,0.000114286,0.001496577,0.012751488,32.07877976,61.9865625,81.09592262,0.178290476,0.260687054,0.343532143,,
116,China,Yield,Unmanufactured tobacco,2019,100 g/ha,25440,30.51220238,60.10029762,80.33577381,0.000114286,0.001496577,0.012751488,32.07877976,61.9865625,81.09592262,0.178290476,0.260687054,0.343532143,,
117,China,Yield,"Vanilla, raw",2019,100 g/ha,1800,30.51220238,60.10029762,80.33577381,0.000114286,0.001496577,0.012751488,32.07877976,61.9865625,81.09592262,0.178290476,0.260687054,0.343532143,,
118,China,Yield,"Walnuts, in shell",2019,100 g/ha,38239,30.51220238,60.10029762,80.33577381,0.000114286,0.001496577,0.012751488,32.07877976,61.9865625,81.09592262,0.178290476,0.260687054,0.343532143,,
119,China,Yield,Watermelons,2019,100 g/ha,414069,30.51220238,60.10029762,80.33577381,0.000114286,0.001496577,0.012751488,32.07877976,61.9865625,81.09592262,0.178290476,0.260687054,0.343532143,,
120,China,Yield,Wheat,2019,100 g/ha,56294,30.51220238,60.10029762,80.33577381,0.000114286,0.001496577,0.012751488,32.07877976,61.9865625,81.09592262,0.178290476,0.260687054,0.343532143,,
121,India,Yield,"Anise, badian, coriander, cumin, caraway, fennel and juniper berries, raw",2019,100 g/ha,9124,62.09044643,78.41349703,89.73875,0.000358929,0.004163542,0.021083036,64.54982143,80.16135417,95.53869048,0.157736012,0.294602977,0.421219048,,
122,India,Yield,Apples,2019,100 g/ha,75195,62.09044643,78.41349703,89.73875,0.000358929,0.004163542,0.021083036,64.54982143,80.16135417,95.53869048,0.157736012,0.294602977,0.421219048,,
123,India,Yield,Apricots,2019,100 g/ha,28188,62.09044643,78.41349703,89.73875,0.000358929,0.004163542,0.021083036,64.54982143,80.16135417,95.53869048,0.157736012,0.294602977,0.421219048,,
124,India,Yield,Areca nuts,2019,100 g/ha,17261,62.09044643,78.41349703,89.73875,0.000358929,0.004163542,0.021083036,64.54982143,80.16135417,95.53869048,0.157736012,0.294602977,0.421219048,,
125,India,Yield,Bananas,2019,100 g/ha,351732,62.09044643,78.41349703,89.73875,0.000358929,0.004163542,0.021083036,64.54982143,80.16135417,95.53869048,0.157736012,0.294602977,0.421219048,,
126,India,Yield,Barley,2019,100 g/ha,28372,62.09044643,78.41349703,89.73875,0.000358929,0.004163542,0.021083036,64.54982143,80.16135417,95.53869048,0.157736012,0.294602977,0.421219048,,
127,India,Yield,"Beans, dry",2019,100 g/ha,4163,62.09044643,78.41349703,89.73875,0.000358929,0.004163542,0.021083036,64.54982143,80.16135417,95.53869048,0.157736012,0.294602977,0.421219048,,
128,India,Yield,Cabbages,2019,100 g/ha,228175,62.09044643,78.41349703,89.73875,0.000358929,0.004163542,0.021083036,64.54982143,80.16135417,95.53869048,0.157736012,0.294602977,0.421219048,,
129,India,Yield,Cantaloupes and other melons,2019,100 g/ha,222105,62.09044643,78.41349703,89.73875,0.000358929,0.004163542,0.021083036,64.54982143,80.16135417,95.53869048,0.157736012,0.294602977,0.421219048,,
130,India,Yield,"Cashew nuts, in shell",2019,100 g/ha,6724,62.09044643,78.41349703,89.73875,0.000358929,0.004163542,0.021083036,64.54982143,80.16135417,95.53869048,0.157736012,0.294602977,0.421219048,,
131,India,Yield,"Cassava, fresh",2019,100 g/ha,305276,62.09044643,78.41349703,89.73875,0.000358929,0.004163542,0.021083036,64.54982143,80.16135417,95.53869048,0.157736012,0.294602977,0.421219048,,
132,India,Yield,Castor oil seeds,2019,100 g/ha,15928,62.09044643,78.41349703,89.73875,0.000358929,0.004163542,0.021083036,64.54982143,80.16135417,95.53869048,0.157736012,0.294602977,0.421219048,,
133,India,Yield,Cauliflowers and broccoli,2019,100 g/ha,195333,62.09044643,78.41349703,89.73875,0.000358929,0.004163542,0.021083036,64.54982143,80.16135417,95.53869048,0.157736012,0.294602977,0.421219048,,
134,India,Yield,Cherries,2019,100 g/ha,29185,62.09044643,78.41349703,89.73875,0.000358929,0.004163542,0.021083036,64.54982143,80.16135417,95.53869048,0.157736012,0.294602977,0.421219048,,
135,India,Yield,"Chick peas, dry",2019,100 g/ha,10410,62.09044643,78.41349703,89.73875,0.000358929,0.004163542,0.021083036,64.54982143,80.16135417,95.53869048,0.157736012,0.294602977,0.421219048,,
136,India,Yield,"Chillies and peppers, dry (Capsicum spp., Pimenta spp.), raw",2019,100 g/ha,22346,62.09044643,78.41349703,89.73875,0.000358929,0.004163542,0.021083036,64.54982143,80.16135417,95.53869048,0.157736012,0.294602977,0.421219048,,
137,India,Yield,"Chillies and peppers, green (Capsicum spp. and Pimenta spp.)",2019,100 g/ha,84566,62.09044643,78.41349703,89.73875,0.000358929,0.004163542,0.021083036,64.54982143,80.16135417,95.53869048,0.157736012,0.294602977,0.421219048,,
138,India,Yield,Cocoa beans,2019,100 g/ha,2553,62.09044643,78.41349703,89.73875,0.000358929,0.004163542,0.021083036,64.54982143,80.16135417,95.53869048,0.157736012,0.294602977,0.421219048,,
139,India,Yield,"Coconuts, in shell",2019,100 g/ha,68257,62.09044643,78.41349703,89.73875,0.000358929,0.004163542,0.021083036,64.54982143,80.16135417,95.53869048,0.157736012,0.294602977,0.421219048,,
140,India,Yield,"Coffee, green",2019,100 g/ha,7667,62.09044643,78.41349703,89.73875,0.000358929,0.004163542,0.021083036,64.54982143,80.16135417,95.53869048,0.157736012,0.294602977,0.421219048,,
141,India,Yield,Cucumbers and gherkins,2019,100 g/ha,64002,62.09044643,78.41349703,89.73875,0.000358929,0.004163542,0.021083036,64.54982143,80.16135417,95.53869048,0.157736012,0.294602977,0.421219048,,
142,India,Yield,Eggplants (aubergines),2019,100 g/ha,174415,62.09044643,78.41349703,89.73875,0.000358929,0.004163542,0.021083036,64.54982143,80.16135417,95.53869048,0.157736012,0.294602977,0.421219048,,
143,India,Yield,Figs,2019,100 g/ha,25019,62.09044643,78.41349703,89.73875,0.000358929,0.004163542,0.021083036,64.54982143,80.16135417,95.53869048,0.157736012,0.294602977,0.421219048,,
144,India,Yield,"Ginger, raw",2019,100 g/ha,109024,62.09044643,78.41349703,89.73875,0.000358929,0.004163542,0.021083036,64.54982143,80.16135417,95.53869048,0.157736012,0.294602977,0.421219048,,
145,India,Yield,Grapes,2019,100 g/ha,217214,62.09044643,78.41349703,89.73875,0.000358929,0.004163542,0.021083036,64.54982143,80.16135417,95.53869048,0.157736012,0.294602977,0.421219048,,
146,India,Yield,Green garlic,2019,100 g/ha,81285,62.09044643,78.41349703,89.73875,0.000358929,0.004163542,0.021083036,64.54982143,80.16135417,95.53869048,0.157736012,0.294602977,0.421219048,,
147,India,Yield,"Groundnuts, excluding shelled",2019,100 g/ha,14220,62.09044643,78.41349703,89.73875,0.000358929,0.004163542,0.021083036,64.54982143,80.16135417,95.53869048,0.157736012,0.294602977,0.421219048,,
148,India,Yield,"Jute, raw or retted",2019,100 g/ha,25695,62.09044643,78.41349703,89.73875,0.000358929,0.004163542,0.021083036,64.54982143,80.16135417,95.53869048,0.157736012,0.294602977,0.421219048,,
149,India,Yield,"Kenaf, and other textile bast fibres, raw or retted",2019,100 g/ha,11715,62.09044643,78.41349703,89.73875,0.000358929,0.004163542,0.021083036,64.54982143,80.16135417,95.53869048,0.157736012,0.294602977,0.421219048,,
150,India,Yield,Lemons and limes,2019,100 g/ha,114164,62.09044643,78.41349703,89.73875,0.000358929,0.004163542,0.021083036,64.54982143,80.16135417,95.53869048,0.157736012,0.294602977,0.421219048,,
151,India,Yield,"Lentils, dry",2019,100 g/ha,9010,62.09044643,78.41349703,89.73875,0.000358929,0.004163542,0.021083036,64.54982143,80.16135417,95.53869048,0.157736012,0.294602977,0.421219048,,
152,India,Yield,Lettuce and chicory,2019,100 g/ha,63424,62.09044643,78.41349703,89.73875,0.000358929,0.004163542,0.021083036,64.54982143,80.16135417,95.53869048,0.157736012,0.294602977,0.421219048,,
153,India,Yield,Linseed,2019,100 g/ha,5736,62.09044643,78.41349703,89.73875,0.000358929,0.004163542,0.021083036,64.54982143,80.16135417,95.53869048,0.157736012,0.294602977,0.421219048,,
154,India,Yield,Maize (corn),2019,100 g/ha,30702,62.09044643,78.41349703,89.73875,0.000358929,0.004163542,0.021083036,64.54982143,80.16135417,95.53869048,0.157736012,0.294602977,0.421219048,,
155,India,Yield,"Mangoes, guavas and mangosteens",2019,100 g/ha,99654,62.09044643,78.41349703,89.73875,0.000358929,0.004163542,0.021083036,64.54982143,80.16135417,95.53869048,0.157736012,0.294602977,0.421219048,,
156,India,Yield,Millet,2019,100 g/ha,12114,62.09044643,78.41349703,89.73875,0.000358929,0.004163542,0.021083036,64.54982143,80.16135417,95.53869048,0.157736012,0.294602977,0.421219048,,
157,India,Yield,Natural rubber in primary forms,2019,100 g/ha,21569,62.09044643,78.41349703,89.73875,0.000358929,0.004163542,0.021083036,64.54982143,80.16135417,95.53869048,0.157736012,0.294602977,0.421219048,,
158,India,Yield,"Nutmeg, mace, cardamoms, raw",2019,100 g/ha,3619,62.09044643,78.41349703,89.73875,0.000358929,0.004163542,0.021083036,64.54982143,80.16135417,95.53869048,0.157736012,0.294602977,0.421219048,,
159,India,Yield,Okra,2019,100 g/ha,120390,62.09044643,78.41349703,89.73875,0.000358929,0.004163542,0.021083036,64.54982143,80.16135417,95.53869048,0.157736012,0.294602977,0.421219048,,
160,India,Yield,"Onions and shallots, dry (excluding dehydrated)",2019,100 g/ha,187041,62.09044643,78.41349703,89.73875,0.000358929,0.004163542,0.021083036,64.54982143,80.16135417,95.53869048,0.157736012,0.294602977,0.421219048,,
161,India,Yield,Oranges,2019,100 g/ha,144954,62.09044643,78.41349703,89.73875,0.000358929,0.004163542,0.021083036,64.54982143,80.16135417,95.53869048,0.157736012,0.294602977,0.421219048,,
162,India,Yield,"Other beans, green",2019,100 g/ha,28289,62.09044643,78.41349703,89.73875,0.000358929,0.004163542,0.021083036,64.54982143,80.16135417,95.53869048,0.157736012,0.294602977,0.421219048,,
163,India,Yield,Other berries and fruits of the genus vaccinium n.e.c.,2019,100 g/ha,69860,62.09044643,78.41349703,89.73875,0.000358929,0.004163542,0.021083036,64.54982143,80.16135417,95.53869048,0.157736012,0.294602977,0.421219048,,
164,India,Yield,"Other citrus fruit, n.e.c.",2019,100 g/ha,91250,62.09044643,78.41349703,89.73875,0.000358929,0.004163542,0.021083036,64.54982143,80.16135417,95.53869048,0.157736012,0.294602977,0.421219048,,
165,India,Yield,"Other fruits, n.e.c.",2019,100 g/ha,91067,62.09044643,78.41349703,89.73875,0.000358929,0.004163542,0.021083036,64.54982143,80.16135417,95.53869048,0.157736012,0.294602977,0.421219048,,
166,India,Yield,"Other oil seeds, n.e.c.",2019,100 g/ha,3107,62.09044643,78.41349703,89.73875,0.000358929,0.004163542,0.021083036,64.54982143,80.16135417,95.53869048,0.157736012,0.294602977,0.421219048,,
167,India,Yield,Other pulses n.e.c.,2019,100 g/ha,4365,62.09044643,78.41349703,89.73875,0.000358929,0.004163542,0.021083036,64.54982143,80.16135417,95.53869048,0.157736012,0.294602977,0.421219048,,
168,India,Yield,"Other stimulant, spice and aromatic crops, n.e.c.",2019,100 g/ha,17403,62.09044643,78.41349703,89.73875,0.000358929,0.004163542,0.021083036,64.54982143,80.16135417,95.53869048,0.157736012,0.294602977,0.421219048,,
169,India,Yield,Other stone fruits,2019,100 g/ha,38691,62.09044643,78.41349703,89.73875,0.000358929,0.004163542,0.021083036,64.54982143,80.16135417,95.53869048,0.157736012,0.294602977,0.421219048,,
170,India,Yield,"Other tropical fruits, n.e.c.",2019,100 g/ha,133705,62.09044643,78.41349703,89.73875,0.000358929,0.004163542,0.021083036,64.54982143,80.16135417,95.53869048,0.157736012,0.294602977,0.421219048,,
171,India,Yield,"Other vegetables, fresh n.e.c.",2019,100 g/ha,142125,62.09044643,78.41349703,89.73875,0.000358929,0.004163542,0.021083036,64.54982143,80.16135417,95.53869048,0.157736012,0.294602977,0.421219048,,
172,India,Yield,Papayas,2019,100 g/ha,406040,62.09044643,78.41349703,89.73875,0.000358929,0.004163542,0.021083036,64.54982143,80.16135417,95.53869048,0.157736012,0.294602977,0.421219048,,
173,India,Yield,Pears,2019,100 g/ha,71429,62.09044643,78.41349703,89.73875,0.000358929,0.004163542,0.021083036,64.54982143,80.16135417,95.53869048,0.157736012,0.294602977,0.421219048,,
174,India,Yield,"Peas, dry",2019,100 g/ha,13380,62.09044643,78.41349703,89.73875,0.000358929,0.004163542,0.021083036,64.54982143,80.16135417,95.53869048,0.157736012,0.294602977,0.421219048,,
175,India,Yield,"Peas, green",2019,100 g/ha,100761,62.09044643,78.41349703,89.73875,0.000358929,0.004163542,0.021083036,64.54982143,80.16135417,95.53869048,0.157736012,0.294602977,0.421219048,,
176,India,Yield,"Pepper (Piper spp.), raw",2019,100 g/ha,4783,62.09044643,78.41349703,89.73875,0.000358929,0.004163542,0.021083036,64.54982143,80.16135417,95.53869048,0.157736012,0.294602977,0.421219048,,
177,India,Yield,"Pigeon peas, dry",2019,100 g/ha,7287,62.09044643,78.41349703,89.73875,0.000358929,0.004163542,0.021083036,64.54982143,80.16135417,95.53869048,0.157736012,0.294602977,0.421219048,,
178,India,Yield,Pineapples,2019,100 g/ha,164519,62.09044643,78.41349703,89.73875,0.000358929,0.004163542,0.021083036,64.54982143,80.16135417,95.53869048,0.157736012,0.294602977,0.421219048,,
179,India,Yield,Potatoes,2019,100 g/ha,230971,62.09044643,78.41349703,89.73875,0.000358929,0.004163542,0.021083036,64.54982143,80.16135417,95.53869048,0.157736012,0.294602977,0.421219048,,
180,India,Yield,Rape or colza seed,2019,100 g/ha,15114,62.09044643,78.41349703,89.73875,0.000358929,0.004163542,0.021083036,64.54982143,80.16135417,95.53869048,0.157736012,0.294602977,0.421219048,,
181,India,Yield,Rice,2019,100 g/ha,40837,62.09044643,78.41349703,89.73875,0.000358929,0.004163542,0.021083036,64.54982143,80.16135417,95.53869048,0.157736012,0.294602977,0.421219048,,
182,India,Yield,Safflower seed,2019,100 g/ha,5369,62.09044643,78.41349703,89.73875,0.000358929,0.004163542,0.021083036,64.54982143,80.16135417,95.53869048,0.157736012,0.294602977,0.421219048,,
183,India,Yield,"Seed cotton, unginned",2019,100 g/ha,14712,62.09044643,78.41349703,89.73875,0.000358929,0.004163542,0.021083036,64.54982143,80.16135417,95.53869048,0.157736012,0.294602977,0.421219048,,
184,India,Yield,Sesame seed,2019,100 g/ha,4854,62.09044643,78.41349703,89.73875,0.000358929,0.004163542,0.021083036,64.54982143,80.16135417,95.53869048,0.157736012,0.294602977,0.421219048,,
185,India,Yield,Sorghum,2019,100 g/ha,8491,62.09044643,78.41349703,89.73875,0.000358929,0.004163542,0.021083036,64.54982143,80.16135417,95.53869048,0.157736012,0.294602977,0.421219048,,
186,India,Yield,Soya beans,2019,100 g/ha,11919,62.09044643,78.41349703,89.73875,0.000358929,0.004163542,0.021083036,64.54982143,80.16135417,95.53869048,0.157736012,0.294602977,0.421219048,,
187,India,Yield,Sugar cane,2019,100 g/ha,801045,62.09044643,78.41349703,89.73875,0.000358929,0.004163542,0.021083036,64.54982143,80.16135417,95.53869048,0.157736012,0.294602977,0.421219048,,
188,India,Yield,Sunflower seed,2019,100 g/ha,8255,62.09044643,78.41349703,89.73875,0.000358929,0.004163542,0.021083036,64.54982143,80.16135417,95.53869048,0.157736012,0.294602977,0.421219048,,
189,India,Yield,Sweet potatoes,2019,100 g/ha,105091,62.09044643,78.41349703,89.73875,0.000358929,0.004163542,0.021083036,64.54982143,80.16135417,95.53869048,0.157736012,0.294602977,0.421219048,,
190,India,Yield,Tea leaves,2019,100 g/ha,96582,62.09044643,78.41349703,89.73875,0.000358929,0.004163542,0.021083036,64.54982143,80.16135417,95.53869048,0.157736012,0.294602977,0.421219048,,
191,India,Yield,Tomatoes,2019,100 g/ha,243367,62.09044643,78.41349703,89.73875,0.000358929,0.004163542,0.021083036,64.54982143,80.16135417,95.53869048,0.157736012,0.294602977,0.421219048,,
192,India,Yield,Unmanufactured tobacco,2019,100 g/ha,17584,62.09044643,78.41349703,89.73875,0.000358929,0.004163542,0.021083036,64.54982143,80.16135417,95.53869048,0.157736012,0.294602977,0.421219048,,
193,India,Yield,Watermelons,2019,100 g/ha,249500,62.09044643,78.41349703,89.73875,0.000358929,0.004163542,0.021083036,64.54982143,80.16135417,95.53869048,0.157736012,0.294602977,0.421219048,,
194,India,Yield,Wheat,2019,100 g/ha,35334,62.09044643,78.41349703,89.73875,0.000358929,0.004163542,0.021083036,64.54982143,80.16135417,95.53869048,0.157736012,0.294602977,0.421219048,,
195,United Kingdom of Great Britain and Northern Ireland,Yield,Apples,2019,100 g/ha,415984,39.29369048,49.17494048,64.2789881,0.001178571,0.004046131,0.006844345,39.12610119,49.88583334,65.5414881,0.249246726,0.352437798,0.411412798,,
196,United Kingdom of Great Britain and Northern Ireland,Yield,Asparagus,2019,100 g/ha,20999,39.29369048,49.17494048,64.2789881,0.001178571,0.004046131,0.006844345,39.12610119,49.88583334,65.5414881,0.249246726,0.352437798,0.411412798,,
197,United Kingdom of Great Britain and Northern Ireland,Yield,Barley,2019,100 g/ha,69260,39.29369048,49.17494048,64.2789881,0.001178571,0.004046131,0.006844345,39.12610119,49.88583334,65.5414881,0.249246726,0.352437798,0.411412798,,
198,United Kingdom of Great Britain and Northern Ireland,Yield,"Broad beans and horse beans, dry",2019,100 g/ha,40000,39.29369048,49.17494048,64.2789881,0.001178571,0.004046131,0.006844345,39.12610119,49.88583334,65.5414881,0.249246726,0.352437798,0.411412798,,
199,United Kingdom of Great Britain and Northern Ireland,Yield,"Broad beans and horse beans, green",2019,100 g/ha,52834,39.29369048,49.17494048,64.2789881,0.001178571,0.004046131,0.006844345,39.12610119,49.88583334,65.5414881,0.249246726,0.352437798,0.411412798,,
200,United Kingdom of Great Britain and Northern Ireland,Yield,Cabbages,2019,100 g/ha,229422,39.29369048,49.17494048,64.2789881,0.001178571,0.004046131,0.006844345,39.12610119,49.88583334,65.5414881,0.249246726,0.352437798,0.411412798,,
201,United Kingdom of Great Britain and Northern Ireland,Yield,Carrots and turnips,2019,100 g/ha,639968,39.29369048,49.17494048,64.2789881,0.001178571,0.004046131,0.006844345,39.12610119,49.88583334,65.5414881,0.249246726,0.352437798,0.411412798,,
202,United Kingdom of Great Britain and Northern Ireland,Yield,Cauliflowers and broccoli,2019,100 g/ha,94561,39.29369048,49.17494048,64.2789881,0.001178571,0.004046131,0.006844345,39.12610119,49.88583334,65.5414881,0.249246726,0.352437798,0.411412798,,
203,United Kingdom of Great Britain and Northern Ireland,Yield,Cherries,2019,100 g/ha,75000,39.29369048,49.17494048,64.2789881,0.001178571,0.004046131,0.006844345,39.12610119,49.88583334,65.5414881,0.249246726,0.352437798,0.411412798,,
204,United Kingdom of Great Britain and Northern Ireland,Yield,"Chillies and peppers, green (Capsicum spp. and Pimenta spp.)",2019,100 g/ha,2376163,39.29369048,49.17494048,64.2789881,0.001178571,0.004046131,0.006844345,39.12610119,49.88583334,65.5414881,0.249246726,0.352437798,0.411412798,,
205,United Kingdom of Great Britain and Northern Ireland,Yield,Cucumbers and gherkins,2019,100 g/ha,5200000,39.29369048,49.17494048,64.2789881,0.001178571,0.004046131,0.006844345,39.12610119,49.88583334,65.5414881,0.249246726,0.352437798,0.411412798,,
206,United Kingdom of Great Britain and Northern Ireland,Yield,Currants,2019,100 g/ha,55811,39.29369048,49.17494048,64.2789881,0.001178571,0.004046131,0.006844345,39.12610119,49.88583334,65.5414881,0.249246726,0.352437798,0.411412798,,
207,United Kingdom of Great Britain and Northern Ireland,Yield,"Flax, processed but not spun",2019,100 g/ha,14478,39.29369048,49.17494048,64.2789881,0.001178571,0.004046131,0.006844345,39.12610119,49.88583334,65.5414881,0.249246726,0.352437798,0.411412798,,
208,United Kingdom of Great Britain and Northern Ireland,Yield,Gooseberries,2019,100 g/ha,85335,39.29369048,49.17494048,64.2789881,0.001178571,0.004046131,0.006844345,39.12610119,49.88583334,65.5414881,0.249246726,0.352437798,0.411412798,,
209,United Kingdom of Great Britain and Northern Ireland,Yield,Grapes,2019,100 g/ha,11296,39.29369048,49.17494048,64.2789881,0.001178571,0.004046131,0.006844345,39.12610119,49.88583334,65.5414881,0.249246726,0.352437798,0.411412798,,
210,United Kingdom of Great Britain and Northern Ireland,Yield,Hop cones,2019,100 g/ha,13364,39.29369048,49.17494048,64.2789881,0.001178571,0.004046131,0.006844345,39.12610119,49.88583334,65.5414881,0.249246726,0.352437798,0.411412798,,
211,United Kingdom of Great Britain and Northern Ireland,Yield,Leeks and other alliaceous vegetables,2019,100 g/ha,225065,39.29369048,49.17494048,64.2789881,0.001178571,0.004046131,0.006844345,39.12610119,49.88583334,65.5414881,0.249246726,0.352437798,0.411412798,,
212,United Kingdom of Great Britain and Northern Ireland,Yield,Lettuce and chicory,2019,100 g/ha,231759,39.29369048,49.17494048,64.2789881,0.001178571,0.004046131,0.006844345,39.12610119,49.88583334,65.5414881,0.249246726,0.352437798,0.411412798,,
213,United Kingdom of Great Britain and Northern Ireland,Yield,Linseed,2019,100 g/ha,18000,39.29369048,49.17494048,64.2789881,0.001178571,0.004046131,0.006844345,39.12610119,49.88583334,65.5414881,0.249246726,0.352437798,0.411412798,,
214,United Kingdom of Great Britain and Northern Ireland,Yield,Mixed grain,2019,100 g/ha,51076,39.29369048,49.17494048,64.2789881,0.001178571,0.004046131,0.006844345,39.12610119,49.88583334,65.5414881,0.249246726,0.352437798,0.411412798,,
215,United Kingdom of Great Britain and Northern Ireland,Yield,Oats,2019,100 g/ha,59121,39.29369048,49.17494048,64.2789881,0.001178571,0.004046131,0.006844345,39.12610119,49.88583334,65.5414881,0.249246726,0.352437798,0.411412798,,
216,United Kingdom of Great Britain and Northern Ireland,Yield,"Onions and shallots, dry (excluding dehydrated)",2019,100 g/ha,401670,39.29369048,49.17494048,64.2789881,0.001178571,0.004046131,0.006844345,39.12610119,49.88583334,65.5414881,0.249246726,0.352437798,0.411412798,,
217,United Kingdom of Great Britain and Northern Ireland,Yield,"Onions and shallots, green",2019,100 g/ha,95907,39.29369048,49.17494048,64.2789881,0.001178571,0.004046131,0.006844345,39.12610119,49.88583334,65.5414881,0.249246726,0.352437798,0.411412798,,
218,United Kingdom of Great Britain and Northern Ireland,Yield,"Other beans, green",2019,100 g/ha,60591,39.29369048,49.17494048,64.2789881,0.001178571,0.004046131,0.006844345,39.12610119,49.88583334,65.5414881,0.249246726,0.352437798,0.411412798,,
219,United Kingdom of Great Britain and Northern Ireland,Yield,Other berries and fruits of the genus vaccinium n.e.c.,2019,100 g/ha,47401,39.29369048,49.17494048,64.2789881,0.001178571,0.004046131,0.006844345,39.12610119,49.88583334,65.5414881,0.249246726,0.352437798,0.411412798,,
220,United Kingdom of Great Britain and Northern Ireland,Yield,Other pulses n.e.c.,2019,100 g/ha,28286,39.29369048,49.17494048,64.2789881,0.001178571,0.004046131,0.006844345,39.12610119,49.88583334,65.5414881,0.249246726,0.352437798,0.411412798,,
221,United Kingdom of Great Britain and Northern Ireland,Yield,"Other vegetables, fresh n.e.c.",2019,100 g/ha,245085,39.29369048,49.17494048,64.2789881,0.001178571,0.004046131,0.006844345,39.12610119,49.88583334,65.5414881,0.249246726,0.352437798,0.411412798,,
222,United Kingdom of Great Britain and Northern Ireland,Yield,Pears,2019,100 g/ha,180898,39.29369048,49.17494048,64.2789881,0.001178571,0.004046131,0.006844345,39.12610119,49.88583334,65.5414881,0.249246726,0.352437798,0.411412798,,
223,United Kingdom of Great Britain and Northern Ireland,Yield,"Peas, dry",2019,100 g/ha,39000,39.29369048,49.17494048,64.2789881,0.001178571,0.004046131,0.006844345,39.12610119,49.88583334,65.5414881,0.249246726,0.352437798,0.411412798,,
224,United Kingdom of Great Britain and Northern Ireland,Yield,"Peas, green",2019,100 g/ha,41346,39.29369048,49.17494048,64.2789881,0.001178571,0.004046131,0.006844345,39.12610119,49.88583334,65.5414881,0.249246726,0.352437798,0.411412798,,
225,United Kingdom of Great Britain and Northern Ireland,Yield,Plums and sloes,2019,100 g/ha,126000,39.29369048,49.17494048,64.2789881,0.001178571,0.004046131,0.006844345,39.12610119,49.88583334,65.5414881,0.249246726,0.352437798,0.411412798,,
226,United Kingdom of Great Britain and Northern Ireland,Yield,Potatoes,2019,100 g/ha,368542,39.29369048,49.17494048,64.2789881,0.001178571,0.004046131,0.006844345,39.12610119,49.88583334,65.5414881,0.249246726,0.352437798,0.411412798,,
227,United Kingdom of Great Britain and Northern Ireland,Yield,Rape or colza seed,2019,100 g/ha,33057,39.29369048,49.17494048,64.2789881,0.001178571,0.004046131,0.006844345,39.12610119,49.88583334,65.5414881,0.249246726,0.352437798,0.411412798,,
228,United Kingdom of Great Britain and Northern Ireland,Yield,Raspberries,2019,100 g/ha,121713,39.29369048,49.17494048,64.2789881,0.001178571,0.004046131,0.006844345,39.12610119,49.88583334,65.5414881,0.249246726,0.352437798,0.411412798,,
229,United Kingdom of Great Britain and Northern Ireland,Yield,Rye,2019,100 g/ha,23814,39.29369048,49.17494048,64.2789881,0.001178571,0.004046131,0.006844345,39.12610119,49.88583334,65.5414881,0.249246726,0.352437798,0.411412798,,
230,United Kingdom of Great Britain and Northern Ireland,Yield,Strawberries,2019,100 g/ha,300637,39.29369048,49.17494048,64.2789881,0.001178571,0.004046131,0.006844345,39.12610119,49.88583334,65.5414881,0.249246726,0.352437798,0.411412798,,
231,United Kingdom of Great Britain and Northern Ireland,Yield,Sugar beet,2019,100 g/ha,718796,39.29369048,49.17494048,64.2789881,0.001178571,0.004046131,0.006844345,39.12610119,49.88583334,65.5414881,0.249246726,0.352437798,0.411412798,,
232,United Kingdom of Great Britain and Northern Ireland,Yield,Tomatoes,2019,100 g/ha,3538435,39.29369048,49.17494048,64.2789881,0.001178571,0.004046131,0.006844345,39.12610119,49.88583334,65.5414881,0.249246726,0.352437798,0.411412798,,
233,United Kingdom of Great Britain and Northern Ireland,Yield,Triticale,2019,100 g/ha,44716,39.29369048,49.17494048,64.2789881,0.001178571,0.004046131,0.006844345,39.12610119,49.88583334,65.5414881,0.249246726,0.352437798,0.411412798,,
234,United Kingdom of Great Britain and Northern Ireland,Yield,Wheat,2019,100 g/ha,89345,39.29369048,49.17494048,64.2789881,0.001178571,0.004046131,0.006844345,39.12610119,49.88583334,65.5414881,0.249246726,0.352437798,0.411412798,,
235,United States of America,Yield,"Almonds, in shell",2019,100 g/ha,40064,33.76458333,56.92354167,77.648125,0.001468155,0.00488378,0.008193452,38.64797619,58.67596726,79.47139881,0.179964583,0.303340923,0.373547917,,
236,United States of America,Yield,Apples,2019,100 g/ha,421498,33.76458333,56.92354167,77.648125,0.001468155,0.00488378,0.008193452,38.64797619,58.67596726,79.47139881,0.179964583,0.303340923,0.373547917,,
237,United States of America,Yield,Apricots,2019,100 g/ha,119948,33.76458333,56.92354167,77.648125,0.001468155,0.00488378,0.008193452,38.64797619,58.67596726,79.47139881,0.179964583,0.303340923,0.373547917,,
238,United States of America,Yield,Artichokes,2019,100 g/ha,162524,33.76458333,56.92354167,77.648125,0.001468155,0.00488378,0.008193452,38.64797619,58.67596726,79.47139881,0.179964583,0.303340923,0.373547917,,
239,United States of America,Yield,Asparagus,2019,100 g/ha,40823,33.76458333,56.92354167,77.648125,0.001468155,0.00488378,0.008193452,38.64797619,58.67596726,79.47139881,0.179964583,0.303340923,0.373547917,,
240,United States of America,Yield,Avocados,2019,100 g/ha,57279,33.76458333,56.92354167,77.648125,0.001468155,0.00488378,0.008193452,38.64797619,58.67596726,79.47139881,0.179964583,0.303340923,0.373547917,,
241,United States of America,Yield,Bananas,2019,100 g/ha,108046,33.76458333,56.92354167,77.648125,0.001468155,0.00488378,0.008193452,38.64797619,58.67596726,79.47139881,0.179964583,0.303340923,0.373547917,,
242,United States of America,Yield,Barley,2019,100 g/ha,41785,33.76458333,56.92354167,77.648125,0.001468155,0.00488378,0.008193452,38.64797619,58.67596726,79.47139881,0.179964583,0.303340923,0.373547917,,
243,United States of America,Yield,"Beans, dry",2019,100 g/ha,19768,33.76458333,56.92354167,77.648125,0.001468155,0.00488378,0.008193452,38.64797619,58.67596726,79.47139881,0.179964583,0.303340923,0.373547917,,
244,United States of America,Yield,Blueberries,2019,100 g/ha,71911,33.76458333,56.92354167,77.648125,0.001468155,0.00488378,0.008193452,38.64797619,58.67596726,79.47139881,0.179964583,0.303340923,0.373547917,,
245,United States of America,Yield,"Broad beans and horse beans, green",2019,100 g/ha,28288,33.76458333,56.92354167,77.648125,0.001468155,0.00488378,0.008193452,38.64797619,58.67596726,79.47139881,0.179964583,0.303340923,0.373547917,,
246,United States of America,Yield,Buckwheat,2019,100 g/ha,10541,33.76458333,56.92354167,77.648125,0.001468155,0.00488378,0.008193452,38.64797619,58.67596726,79.47139881,0.179964583,0.303340923,0.373547917,,
247,United States of America,Yield,Cabbages,2019,100 g/ha,412692,33.76458333,56.92354167,77.648125,0.001468155,0.00488378,0.008193452,38.64797619,58.67596726,79.47139881,0.179964583,0.303340923,0.373547917,,
248,United States of America,Yield,Cantaloupes and other melons,2019,100 g/ha,267752,33.76458333,56.92354167,77.648125,0.001468155,0.00488378,0.008193452,38.64797619,58.67596726,79.47139881,0.179964583,0.303340923,0.373547917,,
249,United States of America,Yield,Carrots and turnips,2019,100 g/ha,517620,33.76458333,56.92354167,77.648125,0.001468155,0.00488378,0.008193452,38.64797619,58.67596726,79.47139881,0.179964583,0.303340923,0.373547917,,
250,United States of America,Yield,Cauliflowers and broccoli,2019,100 g/ha,199022,33.76458333,56.92354167,77.648125,0.001468155,0.00488378,0.008193452,38.64797619,58.67596726,79.47139881,0.179964583,0.303340923,0.373547917,,
251,United States of America,Yield,Cherries,2019,100 g/ha,92448,33.76458333,56.92354167,77.648125,0.001468155,0.00488378,0.008193452,38.64797619,58.67596726,79.47139881,0.179964583,0.303340923,0.373547917,,
252,United States of America,Yield,"Chick peas, dry",2019,100 g/ha,15418,33.76458333,56.92354167,77.648125,0.001468155,0.00488378,0.008193452,38.64797619,58.67596726,79.47139881,0.179964583,0.303340923,0.373547917,,
253,United States of America,Yield,"Chillies and peppers, green (Capsicum spp. and Pimenta spp.)",2019,100 g/ha,312836,33.76458333,56.92354167,77.648125,0.001468155,0.00488378,0.008193452,38.64797619,58.67596726,79.47139881,0.179964583,0.303340923,0.373547917,,
254,United States of America,Yield,"Coffee, green",2019,100 g/ha,8309,33.76458333,56.92354167,77.648125,0.001468155,0.00488378,0.008193452,38.64797619,58.67596726,79.47139881,0.179964583,0.303340923,0.373547917,,
255,United States of America,Yield,"Cow peas, dry",2019,100 g/ha,22252,33.76458333,56.92354167,77.648125,0.001468155,0.00488378,0.008193452,38.64797619,58.67596726,79.47139881,0.179964583,0.303340923,0.373547917,,
256,United States of America,Yield,Cranberries,2019,100 g/ha,230494,33.76458333,56.92354167,77.648125,0.001468155,0.00488378,0.008193452,38.64797619,58.67596726,79.47139881,0.179964583,0.303340923,0.373547917,,
257,United States of America,Yield,Cucumbers and gherkins,2019,100 g/ha,164308,33.76458333,56.92354167,77.648125,0.001468155,0.00488378,0.008193452,38.64797619,58.67596726,79.47139881,0.179964583,0.303340923,0.373547917,,
258,United States of America,Yield,Dates,2019,100 g/ha,89377,33.76458333,56.92354167,77.648125,0.001468155,0.00488378,0.008193452,38.64797619,58.67596726,79.47139881,0.179964583,0.303340923,0.373547917,,
259,United States of America,Yield,Eggplants (aubergines),2019,100 g/ha,375513,33.76458333,56.92354167,77.648125,0.001468155,0.00488378,0.008193452,38.64797619,58.67596726,79.47139881,0.179964583,0.303340923,0.373547917,,
260,United States of America,Yield,Figs,2019,100 g/ha,112985,33.76458333,56.92354167,77.648125,0.001468155,0.00488378,0.008193452,38.64797619,58.67596726,79.47139881,0.179964583,0.303340923,0.373547917,,
261,United States of America,Yield,"Ginger, raw",2019,100 g/ha,346407,33.76458333,56.92354167,77.648125,0.001468155,0.00488378,0.008193452,38.64797619,58.67596726,79.47139881,0.179964583,0.303340923,0.373547917,,
262,United States of America,Yield,Grapes,2019,100 g/ha,166893,33.76458333,56.92354167,77.648125,0.001468155,0.00488378,0.008193452,38.64797619,58.67596726,79.47139881,0.179964583,0.303340923,0.373547917,,
263,United States of America,Yield,Green corn (maize),2019,100 g/ha,180639,33.76458333,56.92354167,77.648125,0.001468155,0.00488378,0.008193452,38.64797619,58.67596726,79.47139881,0.179964583,0.303340923,0.373547917,,
264,United States of America,Yield,Green garlic,2019,100 g/ha,173732,33.76458333,56.92354167,77.648125,0.001468155,0.00488378,0.008193452,38.64797619,58.67596726,79.47139881,0.179964583,0.303340923,0.373547917,,
265,United States of America,Yield,"Groundnuts, excluding shelled",2019,100 g/ha,44089,33.76458333,56.92354167,77.648125,0.001468155,0.00488378,0.008193452,38.64797619,58.67596726,79.47139881,0.179964583,0.303340923,0.373547917,,
266,United States of America,Yield,"Hazelnuts, in shell",2019,100 g/ha,20173,33.76458333,56.92354167,77.648125,0.001468155,0.00488378,0.008193452,38.64797619,58.67596726,79.47139881,0.179964583,0.303340923,0.373547917,,
267,United States of America,Yield,Hop cones,2019,100 g/ha,22212,33.76458333,56.92354167,77.648125,0.001468155,0.00488378,0.008193452,38.64797619,58.67596726,79.47139881,0.179964583,0.303340923,0.373547917,,
268,United States of America,Yield,Kiwi fruit,2019,100 g/ha,190618,33.76458333,56.92354167,77.648125,0.001468155,0.00488378,0.008193452,38.64797619,58.67596726,79.47139881,0.179964583,0.303340923,0.373547917,,
269,United States of America,Yield,Lemons and limes,2019,100 g/ha,398967,33.76458333,56.92354167,77.648125,0.001468155,0.00488378,0.008193452,38.64797619,58.67596726,79.47139881,0.179964583,0.303340923,0.373547917,,
270,United States of America,Yield,"Lentils, dry",2019,100 g/ha,14012,33.76458333,56.92354167,77.648125,0.001468155,0.00488378,0.008193452,38.64797619,58.67596726,79.47139881,0.179964583,0.303340923,0.373547917,,
271,United States of America,Yield,Lettuce and chicory,2019,100 g/ha,351380,33.76458333,56.92354167,77.648125,0.001468155,0.00488378,0.008193452,38.64797619,58.67596726,79.47139881,0.179964583,0.303340923,0.373547917,,
272,United States of America,Yield,Linseed,2019,100 g/ha,12432,33.76458333,56.92354167,77.648125,0.001468155,0.00488378,0.008193452,38.64797619,58.67596726,79.47139881,0.179964583,0.303340923,0.373547917,,
273,United States of America,Yield,Maize (corn),2019,100 g/ha,105104,33.76458333,56.92354167,77.648125,0.001468155,0.00488378,0.008193452,38.64797619,58.67596726,79.47139881,0.179964583,0.303340923,0.373547917,,
274,United States of America,Yield,"Mangoes, guavas and mangosteens",2019,100 g/ha,206648,33.76458333,56.92354167,77.648125,0.001468155,0.00488378,0.008193452,38.64797619,58.67596726,79.47139881,0.179964583,0.303340923,0.373547917,,
275,United States of America,Yield,Millet,2019,100 g/ha,20016,33.76458333,56.92354167,77.648125,0.001468155,0.00488378,0.008193452,38.64797619,58.67596726,79.47139881,0.179964583,0.303340923,0.373547917,,
276,United States of America,Yield,Mustard seed,2019,100 g/ha,7919,33.76458333,56.92354167,77.648125,0.001468155,0.00488378,0.008193452,38.64797619,58.67596726,79.47139881,0.179964583,0.303340923,0.373547917,,
277,United States of America,Yield,Oats,2019,100 g/ha,23070,33.76458333,56.92354167,77.648125,0.001468155,0.00488378,0.008193452,38.64797619,58.67596726,79.47139881,0.179964583,0.303340923,0.373547917,,
278,United States of America,Yield,Okra,2019,100 g/ha,79711,33.76458333,56.92354167,77.648125,0.001468155,0.00488378,0.008193452,38.64797619,58.67596726,79.47139881,0.179964583,0.303340923,0.373547917,,
279,United States of America,Yield,Olives,2019,100 g/ha,100099,33.76458333,56.92354167,77.648125,0.001468155,0.00488378,0.008193452,38.64797619,58.67596726,79.47139881,0.179964583,0.303340923,0.373547917,,
280,United States of America,Yield,"Onions and shallots, dry (excluding dehydrated)",2019,100 g/ha,605402,33.76458333,56.92354167,77.648125,0.001468155,0.00488378,0.008193452,38.64797619,58.67596726,79.47139881,0.179964583,0.303340923,0.373547917,,
281,United States of America,Yield,Oranges,2019,100 g/ha,238730,33.76458333,56.92354167,77.648125,0.001468155,0.00488378,0.008193452,38.64797619,58.67596726,79.47139881,0.179964583,0.303340923,0.373547917,,
282,United States of America,Yield,"Other beans, green",2019,100 g/ha,32657,33.76458333,56.92354167,77.648125,0.001468155,0.00488378,0.008193452,38.64797619,58.67596726,79.47139881,0.179964583,0.303340923,0.373547917,,
283,United States of America,Yield,Other berries and fruits of the genus vaccinium n.e.c.,2019,100 g/ha,80011,33.76458333,56.92354167,77.648125,0.001468155,0.00488378,0.008193452,38.64797619,58.67596726,79.47139881,0.179964583,0.303340923,0.373547917,,
284,United States of America,Yield,"Other citrus fruit, n.e.c.",2019,100 g/ha,207777,33.76458333,56.92354167,77.648125,0.001468155,0.00488378,0.008193452,38.64797619,58.67596726,79.47139881,0.179964583,0.303340923,0.373547917,,
285,United States of America,Yield,"Other fruits, n.e.c.",2019,100 g/ha,197147,33.76458333,56.92354167,77.648125,0.001468155,0.00488378,0.008193452,38.64797619,58.67596726,79.47139881,0.179964583,0.303340923,0.373547917,,
286,United States of America,Yield,"Other nuts (excluding wild edible nuts and groundnuts), in shell, n.e.c.",2019,100 g/ha,8066,33.76458333,56.92354167,77.648125,0.001468155,0.00488378,0.008193452,38.64797619,58.67596726,79.47139881,0.179964583,0.303340923,0.373547917,,
287,United States of America,Yield,"Other vegetables, fresh n.e.c.",2019,100 g/ha,627658,33.76458333,56.92354167,77.648125,0.001468155,0.00488378,0.008193452,38.64797619,58.67596726,79.47139881,0.179964583,0.303340923,0.373547917,,
288,United States of America,Yield,Papayas,2019,100 g/ha,190869,33.76458333,56.92354167,77.648125,0.001468155,0.00488378,0.008193452,38.64797619,58.67596726,79.47139881,0.179964583,0.303340923,0.373547917,,
289,United States of America,Yield,Peaches and nectarines,2019,100 g/ha,203620,33.76458333,56.92354167,77.648125,0.001468155,0.00488378,0.008193452,38.64797619,58.67596726,79.47139881,0.179964583,0.303340923,0.373547917,,
290,United States of America,Yield,Pears,2019,100 g/ha,360183,33.76458333,56.92354167,77.648125,0.001468155,0.00488378,0.008193452,38.64797619,58.67596726,79.47139881,0.179964583,0.303340923,0.373547917,,
291,United States of America,Yield,"Peas, dry",2019,100 g/ha,23809,33.76458333,56.92354167,77.648125,0.001468155,0.00488378,0.008193452,38.64797619,58.67596726,79.47139881,0.179964583,0.303340923,0.373547917,,
292,United States of America,Yield,"Peas, green",2019,100 g/ha,44078,33.76458333,56.92354167,77.648125,0.001468155,0.00488378,0.008193452,38.64797619,58.67596726,79.47139881,0.179964583,0.303340923,0.373547917,,
293,United States of America,Yield,Pineapples,2019,100 g/ha,283387,33.76458333,56.92354167,77.648125,0.001468155,0.00488378,0.008193452,38.64797619,58.67596726,79.47139881,0.179964583,0.303340923,0.373547917,,
294,United States of America,Yield,"Pistachios, in shell",2019,100 g/ha,24428,33.76458333,56.92354167,77.648125,0.001468155,0.00488378,0.008193452,38.64797619,58.67596726,79.47139881,0.179964583,0.303340923,0.373547917,,
295,United States of America,Yield,Plums and sloes,2019,100 g/ha,139732,33.76458333,56.92354167,77.648125,0.001468155,0.00488378,0.008193452,38.64797619,58.67596726,79.47139881,0.179964583,0.303340923,0.373547917,,
296,United States of America,Yield,Pomelos and grapefruits,2019,100 g/ha,272431,33.76458333,56.92354167,77.648125,0.001468155,0.00488378,0.008193452,38.64797619,58.67596726,79.47139881,0.179964583,0.303340923,0.373547917,,
297,United States of America,Yield,Potatoes,2019,100 g/ha,507522,33.76458333,56.92354167,77.648125,0.001468155,0.00488378,0.008193452,38.64797619,58.67596726,79.47139881,0.179964583,0.303340923,0.373547917,,
298,United States of America,Yield,"Pumpkins, squash and gourds",2019,100 g/ha,219866,33.76458333,56.92354167,77.648125,0.001468155,0.00488378,0.008193452,38.64797619,58.67596726,79.47139881,0.179964583,0.303340923,0.373547917,,
299,United States of America,Yield,Rape or colza seed,2019,100 g/ha,19985,33.76458333,56.92354167,77.648125,0.001468155,0.00488378,0.008193452,38.64797619,58.67596726,79.47139881,0.179964583,0.303340923,0.373547917,,
300,United States of America,Yield,Raspberries,2019,100 g/ha,143861,33.76458333,56.92354167,77.648125,0.001468155,0.00488378,0.008193452,38.64797619,58.67596726,79.47139881,0.179964583,0.303340923,0.373547917,,
301,United States of America,Yield,Rice,2019,100 g/ha,83759,33.76458333,56.92354167,77.648125,0.001468155,0.00488378,0.008193452,38.64797619,58.67596726,79.47139881,0.179964583,0.303340923,0.373547917,,
302,United States of America,Yield,Rye,2019,100 g/ha,21507,33.76458333,56.92354167,77.648125,0.001468155,0.00488378,0.008193452,38.64797619,58.67596726,79.47139881,0.179964583,0.303340923,0.373547917,,
303,United States of America,Yield,Safflower seed,2019,100 g/ha,14272,33.76458333,56.92354167,77.648125,0.001468155,0.00488378,0.008193452,38.64797619,58.67596726,79.47139881,0.179964583,0.303340923,0.373547917,,
304,United States of America,Yield,"Seed cotton, unginned",2019,100 g/ha,27216,33.76458333,56.92354167,77.648125,0.001468155,0.00488378,0.008193452,38.64797619,58.67596726,79.47139881,0.179964583,0.303340923,0.373547917,,
305,United States of America,Yield,Sorghum,2019,100 g/ha,45845,33.76458333,56.92354167,77.648125,0.001468155,0.00488378,0.008193452,38.64797619,58.67596726,79.47139881,0.179964583,0.303340923,0.373547917,,
306,United States of America,Yield,Sour cherries,2019,100 g/ha,86484,33.76458333,56.92354167,77.648125,0.001468155,0.00488378,0.008193452,38.64797619,58.67596726,79.47139881,0.179964583,0.303340923,0.373547917,,
307,United States of America,Yield,Soya beans,2019,100 g/ha,31875,33.76458333,56.92354167,77.648125,0.001468155,0.00488378,0.008193452,38.64797619,58.67596726,79.47139881,0.179964583,0.303340923,0.373547917,,
308,United States of America,Yield,Spinach,2019,100 g/ha,162232,33.76458333,56.92354167,77.648125,0.001468155,0.00488378,0.008193452,38.64797619,58.67596726,79.47139881,0.179964583,0.303340923,0.373547917,,
309,United States of America,Yield,Strawberries,2019,100 g/ha,588125,33.76458333,56.92354167,77.648125,0.001468155,0.00488378,0.008193452,38.64797619,58.67596726,79.47139881,0.179964583,0.303340923,0.373547917,,
310,United States of America,Yield,String beans,2019,100 g/ha,98286,33.76458333,56.92354167,77.648125,0.001468155,0.00488378,0.008193452,38.64797619,58.67596726,79.47139881,0.179964583,0.303340923,0.373547917,,
311,United States of America,Yield,Sugar beet,2019,100 g/ha,655275,33.76458333,56.92354167,77.648125,0.001468155,0.00488378,0.008193452,38.64797619,58.67596726,79.47139881,0.179964583,0.303340923,0.373547917,,
312,United States of America,Yield,Sugar cane,2019,100 g/ha,783980,33.76458333,56.92354167,77.648125,0.001468155,0.00488378,0.008193452,38.64797619,58.67596726,79.47139881,0.179964583,0.303340923,0.373547917,,
313,United States of America,Yield,Sunflower seed,2019,100 g/ha,17490,33.76458333,56.92354167,77.648125,0.001468155,0.00488378,0.008193452,38.64797619,58.67596726,79.47139881,0.179964583,0.303340923,0.373547917,,
314,United States of America,Yield,Sweet potatoes,2019,100 g/ha,244284,33.76458333,56.92354167,77.648125,0.001468155,0.00488378,0.008193452,38.64797619,58.67596726,79.47139881,0.179964583,0.303340923,0.373547917,,
315,United States of America,Yield,"Tangerines, mandarins, clementines",2019,100 g/ha,343230,33.76458333,56.92354167,77.648125,0.001468155,0.00488378,0.008193452,38.64797619,58.67596726,79.47139881,0.179964583,0.303340923,0.373547917,,
316,United States of America,Yield,Taro,2019,100 g/ha,103437,33.76458333,56.92354167,77.648125,0.001468155,0.00488378,0.008193452,38.64797619,58.67596726,79.47139881,0.179964583,0.303340923,0.373547917,,
317,United States of America,Yield,Tomatoes,2019,100 g/ha,980384,33.76458333,56.92354167,77.648125,0.001468155,0.00488378,0.008193452,38.64797619,58.67596726,79.47139881,0.179964583,0.303340923,0.373547917,,
318,United States of America,Yield,Unmanufactured tobacco,2019,100 g/ha,23094,33.76458333,56.92354167,77.648125,0.001468155,0.00488378,0.008193452,38.64797619,58.67596726,79.47139881,0.179964583,0.303340923,0.373547917,,
319,United States of America,Yield,"Walnuts, in shell",2019,100 g/ha,40228,33.76458333,56.92354167,77.648125,0.001468155,0.00488378,0.008193452,38.64797619,58.67596726,79.47139881,0.179964583,0.303340923,0.373547917,,
320,United States of America,Yield,Watermelons,2019,100 g/ha,407637,33.76458333,56.92354167,77.648125,0.001468155,0.00488378,0.008193452,38.64797619,58.67596726,79.47139881,0.179964583,0.303340923,0.373547917,,
321,United States of America,Yield,Wheat,2019,100 g/ha,34746,33.76458333,56.92354167,77.648125,0.001468155,0.00488378,0.008193452,38.64797619,58.67596726,79.47139881,0.179964583,0.303340923,0.373547917,,
